skuid,skuPartNumber,skuDisplayName
2b9c8e7c-319c-43a2-a2a0-48c5c6161de7,AAD_BASIC,AZURE ACTIVE DIRECTORY BASIC
078d2b04-f1bd-4111-bbd4-b4b1b354cef4,AAD_PREMIUM,AZURE ACTIVE DIRECTORY PREMIUM P1
84a661c4-e949-4bd2-a560-ed7766fcaf2b,AAD_PREMIUM_P2,AZURE ACTIVE DIRECTORY PREMIUM P2
de377cbc-0019-4ec2-b77c-3f223947e102,AAD_SMB,AZURE ACTIVE DIRECTORY
,ADALLOM_O365,Office 365 Cloud App Security
,ADALLOM_S_DISCOVERY,MICROSOFT AZURE MULTI-FACTOR AUTHENTICATION
8c098270-9dd4-4350-9b30-ba4703f3b36b,ADALLOM_S_O365,OFFICE 365 CLOUD APP SECURITY
2e2ddb96-6af9-4b1d-a3f0-d6ecfd22edb2,ADALLOM_S_STANDALONE,MICROSOFT CLOUD APP SECURITY
df845ce7-05f9-4894-b5f2-11bbfbcfd2b6,ADALLOM_STANDALONE,Microsoft Cloud App Security
14ab5db5-e6c4-4b20-b4bc-13e36fd2227f,ATA,AZURE ADVANCED THREAT PROTECTION
,ATP_ENTERPRISE,Exchange Online Advanced Threat Protection
fcecd1f9-a91e-488d-a918-a96cdb6ce2b0,AX7_USER_TRIAL,Microsoft Dynamics AX7 User Trial
,BI_AZURE_P1,Power BI Reporting and Analytics
70d33638-9c74-4d01-bfd3-562de28bd4ba,BI_AZURE_P2,Power BI Pro
,BPOS_S_TODO_1,Microsoft To Do
c87f142c-d1e9-4363-8630-aaea9c4d9ae5,BPOS_S_TODO_2,BPOS_S_TODO_2
3fb82609-8c27-4f7b-bd51-30634711ee67,BPOS_S_TODO_3,BPOS_S_TODO_3
80873e7a-cd2a-4e67-b061-1b5381a676a5,BPOS_S_TODO_FIRSTLINE,To-Do (Firstline)
,CRMIUR,CMRIUR
906af65a-2970-46d5-9b58-4e9aa50f0657,CRMPLAN2,MICROSOFT DYNAMICS CRM ONLINE BASIC
d17b27af-3f49-4822-99f9-56a661538792,CRMSTANDARD,MICROSOFT DYNAMICS CRM ONLINE
d1142cfd-872e-4e77-b6ff-d98ec5a51f66,DDYN365_CDS_DYN_P2,COMMON DATA SERVICE
8c7d2df8-86f0-4902-b2ed-a0458298f3b3,DESKLESS,MICROSOFT STAFFHUB
4b585984-651b-448a-9e53-3b10f069cf7f,DESKLESSPACK,OFFICE 365 F1
,DESKLESSPACK_GOV,Microsoft Office 365 (Plan K1) for Government
,DESKLESSWOFFPACK,Office 365 (Plan K2)
189a915c-fe4f-4ffa-bde4-85b9628d07a0,DEVELOPERPACK,OFFICE 365 ENTERPRISE E3 DEVELOPER
61e6bd70-fbdb-4deb-82ea-912842f39431,DYN365_AI_SERVICE_INSIGHTS,Dynamics 365 Customer Service Insights Trial
238e2f8d-e429-4035-94db-6926be4ffe7b,DYN365_BUSINESS_MARKETING,Dynamics 365 for Marketing
749742bf-0d37-4158-a120-33567104deeb,DYN365_ENTERPRISE_CUSTOMER_SERVICE,DYNAMICS 365 FOR CUSTOMER SERVICE ENTERPRISE EDITION
d56f3deb-50d8-465a-bedb-f079817ccac1,DYN365_ENTERPRISE_P1,MICROSOFT SOCIAL ENGAGEMENT - SERVICE DISCONTINUATION
338148b6-1b11-4102-afb9-f92b6cdc0f8d,DYN365_ENTERPRISE_P1_IW,Dynamics 365 P1 Trial for Information Workers
ea126fc5-a19e-42e2-a731-da9d437bffcf,DYN365_ENTERPRISE_PLAN1,DYNAMICS 365 CUSTOMER ENGAGEMENT PLAN ENTERPRISE EDITION
1e1a282c-9c54-43a2-9310-98ef728faace,DYN365_ENTERPRISE_SALES,DYNAMICS 365 FOR SALES ENTERPRISE EDITION
8edc2cf8-6438-4fa9-b6e3-aa1660c640cc,DYN365_ENTERPRISE_SALES_CUSTOMERSERVICE,DYNAMICS 365 FOR SALES AND CUSTOMER SERVICE ENTERPRISE EDITION
643d201a-9884-45be-962a-06ba97062e5e,DYN365_Enterprise_Talent_Attract_TeamMember,DYNAMICS 365 FOR TALENT - ATTRACT EXPERIENCE TEAM MEMBER
f2f49eef-4b3f-4853-809a-a055c6103fe0,DYN365_Enterprise_Talent_Onboard_TeamMember,DYNAMICS 365 FOR TALENT - ONBOARD EXPERIENCE
8e7a3d30-d97d-43ab-837c-d7701cef83dc,DYN365_ENTERPRISE_TEAM_MEMBERS,DYNAMICS 365 FOR TEAM MEMBERS ENTERPRISE EDITION
920656a2-7dd8-4c83-97b6-a356414dbd36,DYN365_FINANCIALS_BUSINESS,FLOW FOR DYNAMICS 365
cc13a803-544e-4464-b4e4-6d6169a138fa,DYN365_FINANCIALS_BUSINESS_SKU,DYNAMICS 365 FOR FINANCIALS BUSINESS EDITION
,DYN365_FINANCIALS_TEAM_MEMBERS_SKU,Dynamics 365 for Team Members Business Edition
1508ad2d-5802-44e6-bfe8-6fb65de63d28,DYN365_RETAIL_TRIAL,Dynamics 365 for Retail Trial
65a1ebf4-6732-4f00-9dcb-3d115ffdeecd,DYN365_TALENT_ENTERPRISE,DYNAMICS 365 FOR TALENT
ccba3cfe-71ef-423a-bd87-b6df3dce59a9,Dynamics_365_for_Operations,DYNAMICS 365 UNF OPS PLAN ENT EDITION
f5aa7b45-8a36-4cd1-bc37-5d06dea98645,Dynamics_365_for_Operations_Team_members,DYNAMICS_365_FOR_OPERATIONS_TEAM_MEMBERS
a9e39199-8369-444b-89c1-5fe65ec45665,Dynamics_365_for_Retail,DYNAMICS 365 FOR RETAIL
c0454a3d-32b5-4740-b090-78c32f48f0ad,Dynamics_365_for_Retail_Team_members,DYNAMICS 365 FOR RETAIL TEAM MEMBERS
d5156635-0704-4f66-8803-93258f8b2678,Dynamics_365_for_Talent_Team_members,DYNAMICS 365 FOR TALENT TEAM MEMBERS
f815ac79-c5dd-4bcc-9b78-d97f7b817d0d,Dynamics_365_Hiring_Free_PLAN,Dynamics_365_Hiring_Free_PLAN
300b8114-8555-4313-b861-0c115d820f50,Dynamics_365_Onboarding_Free_PLAN,DYNAMICS 365 FOR TALENT: ONBOARD
b56e7ccc-d5c7-421f-a23b-5c18bdbad7c0,Dynamics_365_Onboarding_SKU,Dynamics 365 for Talent: Onboard
,ECAL_SERVICES,ECAL
efccb6f7-5641-4e0e-bd10-b4976e1bf68e,EMS,ENTERPRISE MOBILITY + SECURITY E3
b05e124f-c7cc-45a0-a6aa-8cf78c946968,EMSPREMIUM,ENTERPRISE MOBILITY + SECURITY E5
6fd2c87f-b296-42f0-b197-1e91e994b900,ENTERPRISEPACK,OFFICE 365 ENTERPRISE E3
,ENTERPRISEPACK_B_PILOT,Office 365 (Enterprise Preview)
,ENTERPRISEPACK_FACULTY,Office 365 (Plan A3) for Faculty
,ENTERPRISEPACK_GOV,Microsoft Office 365 (Plan G3) for Government
,ENTERPRISEPACK_STUDENT,Office 365 (Plan A3) for Students
b107e5a3-3e60-4c0d-a184-a7e4395eb44c,ENTERPRISEPACK_USGOV_DOD,Office 365 E3_USGOV_DOD
aea38a85-9bd5-4981-aa00-616b411205bf,ENTERPRISEPACK_USGOV_GCCHIGH,Office 365 E3_USGOV_GCCHIGH
,ENTERPRISEPACKLRG,Enterprise Plan E3
c7df2760-2c81-4ef7-b578-5b5392b571df,ENTERPRISEPREMIUM,OFFICE 365 ENTERPRISE E5
26d45bd9-adf1-46cd-a9e1-51e9a5524128,ENTERPRISEPREMIUM_NOPSTNCONF,OFFICE 365 ENTERPRISE E5 WITHOUT AUDIO CONFERENCING
1392051d-0cb9-4b7a-88d5-621fee5e8711,ENTERPRISEWITHSCAL,OFFICE 365 ENTERPRISE E4
,ENTERPRISEWITHSCAL_FACULTY,Office 365 (Plan A4) for Faculty
,ENTERPRISEWITHSCAL_GOV,Microsoft Office 365 (Plan G4) for Government
,ENTERPRISEWITHSCAL_STUDENT,Office 365 (Plan A4) for Students
,EOP_ENTERPRISE_FACULTY,Exchange Online Protection for Faculty
,EQUIVIO_ANALYTICS,Office 365 Advanced eDiscovery
,ESKLESSWOFFPACK_GOV,Microsoft Office 365 (Plan K2) for Government
34c0d7a0-a70f-4668-9238-47f9fc208882,EXCHANGE_ANALYTICS,EXCHANGE_ANALYTICS
90927877-dcff-4af6-b346-2332c0b15bb7,EXCHANGE_B_STANDARD,EXCHANGE ONLINE POP
,EXCHANGE_L_STANDARD,Exchange Online (Plan 1)
da040e0a-b393-4bea-bb76-928b3fa1cf5a,EXCHANGE_S_ARCHIVE,EXCHANGE ONLINE ARCHIVING FOR EXCHANGE SERVER
176a09a6-7ec5-4039-ac02-b2791c6ba793,EXCHANGE_S_ARCHIVE_ADDON,EXCHANGE ONLINE ARCHIVING FOR EXCHANGE ONLINE
,EXCHANGE_S_ARCHIVE_ADDON_GOV,Exchange Online Archiving
,EXCHANGE_S_DESKLESS,Exchange Online Kiosk
,EXCHANGE_S_DESKLESS_GOV,Exchange Kiosk
efb87545-963c-4e0d-99df-69c6916d9eb0,EXCHANGE_S_ENTERPRISE,EXCHANGE ONLINE (PLAN
,EXCHANGE_S_ENTERPRISE_GOV,Exchange Plan 2G
e8f81a67-bd96-4074-b108-cf193eb9433b,EXCHANGE_S_ESSENTIALS,EXCHANGE ONLINE ESSENTIALS
113feb6c-3fe4-4440-bddc-54d774bf0318,EXCHANGE_S_FOUNDATION,Exchange Foundation
9aaf7827-d63c-4b61-89c3-182f06f82e5c,EXCHANGE_S_STANDARD,EXCHANGE ONLINE (PLAN 1)
fc52cc4b-ed7d-472d-bbe7-b081c23ecc56,EXCHANGE_S_STANDARD_MIDMARKET,Exchange Online (Plan 1)
90b5e015-709a-4b8b-b08e-3200f994494c,EXCHANGEARCHIVE,EXCHANGE ONLINE ARCHIVING FOR EXCHANGE SERVER
ee02fd1b-340e-4a4b-b355-4a514e4c8943,EXCHANGEARCHIVE_ADDON,EXCHANGE ONLINE ARCHIVING FOR EXCHANGE ONLINE
80b2d799-d2ba-4d2a-8842-fb0d0f3a4b82,EXCHANGEDESKLESS,EXCHANGE ONLINE KIOSK
19ec0d23-8335-4cbd-94ac-6050e30712fa,EXCHANGEENTERPRISE,EXCHANGE ONLINE (PLAN 2)
,EXCHANGEENTERPRISE_GOV,Microsoft Office 365 Exchange Online (Plan 2) only for Government
7fc0182e-d107-4556-8329-7caaa511197b,EXCHANGEESSENTIALS,EXCHANGE ONLINE ESSENTIALS
4b9405b0-7788-4568-add1-99614e613b69,EXCHANGESTANDARD,EXCHANGE ONLINE (PLAN 1)
,EXCHANGESTANDARD_GOV,Microsoft Office 365 Exchange Online (Plan 1) only for Government
,EXCHANGESTANDARD_STUDENT,Exchange Online (Plan 1) for Students
cb0a98a8-11bc-494c-83d9-c1b1ac65327e,EXCHANGETELCO,EXCHANGE ONLINE POP
7e6d7d78-73de-46ba-83b1-6d25117334ba,FLOW_DYN_APPS,FLOW FOR DYNAMICS 365
b650d915-9886-424b-a08d-633cede56f57,FLOW_DYN_P2,POWERAPPS FOR DYNAMICS 365
1ec58c70-f69c-486a-8109-4b87ce86e449,FLOW_DYN_TEAM,FLOW FOR DYNAMICS 365
f30db892-07e9-47e9-837c-80727f46fd3d,FLOW_FREE,Microsoft Flow Free
0f9b09cb-62d1-4ff4-9129-43f4996f83f4,FLOW_O365_P1,FLOW FOR OFFICE 365
76846ad7-7776-4c40-a281-a386362dd1b9,FLOW_O365_P2,FLOW FOR OFFICE 365
07699545-9485-468e-95b6-2fca3738be01,FLOW_O365_P3,FLOW FOR OFFICE 365
bd91b1a4-9f94-4ecf-b45b-3a65e5c8128a,FLOW_O365_S1,FLOW FOR OFFICE 365 K1
b8c73455-4162-4c81-aa90-c9d93e9394e9,FLOW_P1,Microsoft Flow Plan 1
159f4cd6-e380-449f-a816-af1a9ef76344,FORMS_PLAN_E1,MICROSOFT FORMS (PLAN E1)
2789c901-c14e-48ab-a76a-be334d9d793a,FORMS_PLAN_E3,MICROSOFT FORMS (PLAN E3)
e212cbc7-0961-4c40-9825-01117710dcb1,FORMS_PLAN_E5,Microsoft Forms (Plan E5)
f07046bd-2a3c-4b96-b0be-dea79d7cbfb8,FORMS_PLAN_K,MICROSOFT FORMS (PLAN K)
bc946dac-7877-4271-b2f7-99d2db13cd2c,FORMS_PRO,Forms Pro Trial
c4801e8a-cb58-4c35-aca6-f2dcc106f287,INFORMATION_BARRIERS,Information Barriers
061f9ace-7d42-4136-88ac-31dc755f143f,INTUNE_A,INTUNE
882e1d05-acd1-4ccb-8708-6ee03664b117,INTUNE_O365,Mobile Device Management for Office 365
8e9ff0ff-aa7a-4b20-83c1-2f636b600ac2,INTUNE_SMBIZ,INTUNE_SMBIZ
ba9a34de-4489-469d-879c-0f0f145321cd,IT_ACADEMY_AD,MS IMAGINE ACADEMY
73b2a583-6a59-42e3-8e83-54db46bc3278,KAIZALA_O365_P1,Microsoft Kaizala Pro Plan 1
0898bdbb-73b0-471a-81e5-20f1fe4dd66e,KAIZALA_STANDALONE,Microsoft Kaizala
bd09678e-b83c-4d3f-aaba-3dad4abd128b,LITEPACK,OFFICE 365 SMALL BUSINESS
fc14ec4a-4169-49a4-a51e-2c852931814b,LITEPACK_P2,OFFICE 365 SMALL BUSINESS PREMIUM
4ae93e69-85d1-4d0f-a6f7-fc0bc62f44ef,LOCKBOX,Customer Lockbox
9f431833-0334-42de-a7dc-70aa40db46db,LOCKBOX_ENTERPRISE,LOCKBOX_ENTERPRISE
e43b5b99-8dfb-405f-9987-dc307f34bcbd,MCOEV,Phone System
b8b749f8-a4ef-4887-9539-c95b1eaa5db7,MCOIMP,SKYPE FOR BUSINESS ONLINE (PLAN 1)
,MCOLITE,Lync Online (Plan 1)
,MCOMEETACPEA,Audio Conferencing Pay-Per-Minute
0c266dff-15dd-4b49-8397-2bb16070ed52,MCOMEETADV,AUDIO CONFERENCING
0dab259f-bf13-4952-b7f8-7db8f131b28d,MCOPSTN1,SKYPE FOR BUSINESS PSTN DOMESTIC CALLING
d3b4fe1f-9992-4930-8acb-ca6ec609365e,MCOPSTN2,SKYPE FOR BUSINESS PSTN DOMESTIC AND INTERNATIONAL CALLING
54a152dc-90de-4996-93d2-bc47e670fc06,MCOPSTN5,SKYPE FOR BUSINESS PSTN DOMESTIC CALLING	(120 Minutes)
,MCOPSTNC,Communication Credits
d42c793f-6c78-4f43-92ca-e8f6a02b035f,MCOSTANDARD,SKYPE FOR BUSINESS ONLINE (PLAN 2)
,MCOSTANDARD_GOV,Lync Plan 2G
,MCOSTANDARD_MIDMARKET,Lync Online (Plan 1)
27216c54-caf8-4d0d-97e2-517afb5c08f6,MCOVOICECONF,SKYPE FOR BUSINESS ONLINE (PLAN 3)
3413916e-ee66-4071-be30-6f94d4adfeda,MDM_SALES_COLLABORATION,MICROSOFT DYNAMICS MARKETING SALES COLLABORATION - ELIGIBILITY CRITERIA APPLY
,MFA_PREMIUM,Azure Multi-Factor Authentication
726a0894-2c77-4d65-99da-9775ef05aad1,MICROSOFT_BUSINESS_CENTER,MICROSOFT_BUSINESS_CENTER
94065c59-bc8e-4e8b-89e5-5138d471eaff,MICROSOFT_SEARCH,Microsoft Search
199a5c09-e0ca-4e37-8f7c-b05d533e1ea2,MICROSOFTBOOKINGS,MICROSOFTBOOKINGS
04a7fb0d-32e0-4241-b4f5-3f7618cd1162,MIDSIZEPACK,OFFICE 365 MIDSIZE BUSINESS
5136a095-5cf0-4aff-bec3-e84448b38ea5,MIP_S_CLP1,Information Protection for Office 365 - Standard
efb0351d-3b08-4503-993d-383af8de41e3,MIP_S_CLP2,Information Protection for Office 365 - Premium
74fbf1bb-47c6-4796-9623-77dc7371723b,MS_TEAMS_IW,Microsoft Teams Trial
33c4f319-9bdd-48d6-9c4d-410b750a4a5a,MYANALYTICS_P2,Insights by MyAnalytics
03acaee3-9492-4f40-aed4-bcb6b32981b6,NBENTERPRISE,SHAREPOINT ONLINE (PLAN 2)
3e58e97c-9abe-ebab-cd5f-d543d1529634,NBPROFESSIONALFORCRM,MICROSOFT SOCIAL ENGAGEMENT PROFESSIONAL - ELIGIBILITY CRITERIA APPLY
cdd28e44-67e3-425e-be4c-737fab2899d3,O365_BUSINESS,OFFICE 365 BUSINESS
3b555118-da6a-4418-894f-7df1e2096870,O365_BUSINESS_ESSENTIALS,OFFICE 365 BUSINESS ESSENTIALS
f245ecc8-75af-4f8e-b61f-27d8114de5f3,O365_BUSINESS_PREMIUM,OFFICE 365 BUSINESS PREMIUM
5bfe124c-bbdc-4494-8835-f1297d457d79,O365_SB_Relationship_Management,OUTLOOK CUSTOMER MANAGER
094e7854-93fc-4d55-b2c0-3ab5369ebdc1,OFFICE_BUSINESS,OFFICE 365 BUSINESS
,OFFICE_PRO_PLUS_SUBSCRIPTION_SMBIZ,Office ProPlus
84951599-62b7-46f3-9c9d-30551b2ad607,OFFICE365_MULTIGEO,Multi-Geo Capabilities in Office 365
c63d4d19-e8cb-460e-b37c-4d6c34603745,OFFICEMOBILE_SUBSCRIPTION,OFFICEMOBILE_SUBSCRIPTION
c2273bd0-dff7-4215-9ef5-2c7bcfb06425,OFFICESUBSCRIPTION,OFFICE 365 PROPLUS
,OFFICESUBSCRIPTION_GOV,Office ProPlus
,OFFICESUBSCRIPTION_STUDENT,Office ProPlus Student Benefit
da792a53-cbc0-4184-a10d-e544dd34b3c1,ONEDRIVE_BASIC,ONEDRIVE_BASIC
afcafa6a-d966-4462-918c-ec0b4e0fe642,ONEDRIVEENTERPRISE,ONEDRIVEENTERPRISE
13696edf-5a08-49f6-8134-03083ed8ba30,ONEDRIVESTANDARD,ONEDRIVESTANDARD
b1188c4c-1b36-4018-b48b-ee07604f6feb,PAM_ENTERPRISE,Office 365 Privileged Access Management
,PLANNERSTANDALONE,Planner Standalone
45bc2c81-6072-436a-9b0b-3b12eefbc402,POWER_BI_ADDON,POWER BI FOR OFFICE 365 ADD-ON
,POWER_BI_INDIVIDUAL_USE,Power BI Individual User
f8a1db68-be16-40ed-86d5-cb42ce701560,POWER_BI_PRO,POWER BI PRO
,POWER_BI_STANDALONE,Power BI Stand Alone
a403ebcc-fae0-4ca2-8c8c-7a907fd6c235,POWER_BI_STANDARD,Power BI (free)
874fc546-6efe-4d22-90b8-5c4e7aa59f4b,POWERAPPS_DYN_APPS,POWERAPPS FOR DYNAMICS 365
0b03f40b-c404-40c3-8651-2aceb74365fa,POWERAPPS_DYN_P2,POWERAPPS FOR DYNAMICS 365
52e619e2-2730-439a-b0d3-d09ab7e8b705,POWERAPPS_DYN_TEAM,POWERAPPS FOR DYNAMICS 365
87bbbc60-4754-4998-8c88-227dca264858,POWERAPPS_INDIVIDUAL_USER,PowerApps and Logic Flows
92f7a6f3-b89b-4bbd-8c30-809e6da5ad1c,POWERAPPS_O365_P1,POWERAPPS FOR OFFICE 365
c68f8d98-5534-41c8-bf36-22fa496fa792,POWERAPPS_O365_P2,POWERAPPS FOR OFFICE
9c0dab89-a30c-4117-86e7-97bda240acd2,POWERAPPS_O365_P3,PowerApps for Office 365 Plan 3
e0287f9f-e222-4f98-9a83-f379e249159a,POWERAPPS_O365_S1,POWERAPPS FOR OFFICE 365 K1
,POWERAPPS_VIRAL,Microsoft PowerApps Plan 2 Trial
dcb1a3ae-b33f-4487-846a-a640262fadf4,POWERAPPS_VIRAL,Microsoft PowerApps Plan 2 Trial
ddfae3e3-fcb2-4174-8ebd-3023cb213c8b,POWERFLOW_P2,Microsoft PowerApps Plan 2 Trial
617b097b-4b93-4ede-83de-5f075bb5fb2f,PREMIUM_ENCRYPTION,Premium Encryption in Office 365
fafd7243-e5c1-4a3a-9e40-495efcb1d3c3,PROJECT_CLIENT_SUBSCRIPTION,PROJECT_CLIENT_SUBSCRIPTION
1259157c-8581-4875-bca7-2ffb18c51bda,PROJECT_ESSENTIALS,PROJECT ONLINE ESSENTIALS
6a4a1628-9b9a-424d-bed5-4118f0ede3fd,PROJECT_MADEIRA_PREVIEW_IW_SKU,Dynamics 365 Business Central for IWs
a10d5e58-74da-4312-95c8-76be4e5b75a0,PROJECTCLIENT,PROJECT FOR OFFICE 365
776df282-9fc0-4862-99e2-70e561b9909e,PROJECTESSENTIALS,PROJECT ONLINE ESSENTIALS
2db84718-652c-47a7-860c-f10d8abbdae3,PROJECTONLINE_PLAN_1,PROJECT ONLINE PREMIUM WITHOUT PROJECT CLIENT
f82a60b8-1ee3-4cfb-a4fe-1c6a53c2656c,PROJECTONLINE_PLAN_2,PROJECT ONLINE WITH PROJECT FOR OFFICE 365
09015f9f-377f-4538-bbb5-f75ceb09358a,PROJECTPREMIUM,PROJECT ONLINE PREMIUM
53818b1b-4a27-454b-8896-0dba576410e6,PROJECTPROFESSIONAL,PROJECT ONLINE PROFESSIONAL
,PROJECTWORKMANAGEMENT,Office 365 Planner Preview
c52ea49f-fe5d-4e95-93ba-1de91d380f89,RIGHTSMANAGEMENT,AZURE INFORMATION PROTECTION PLAN 1
8c4ce438-32a7-4ac5-91a6-e22ae08d9c8b,RIGHTSMANAGEMENT_ADHOC,Windows Azure Rights Management Adhoc
,RMS_S_ENTERPRISE,Azure Active Directory Rights Management
,RMS_S_ENTERPRISE_GOV,Windows Azure Active Directory Rights Management
6c57d4b6-3b23-47a5-9bc9-69f17b4947b3,RMS_S_PREMIUM,MICROSOFT AZURE ACTIVE DIRECTORY RIGHTS
5689bec4-755d-4753-8b61-40975025187c,RMS_S_PREMIUM2,AZURE INFORMATION PROTECTION PREMIUM P2
fe71d6c3-a2ea-4499-9778-da042bf08063,SHAREPOINT_PROJECT,SHAREPOINT_PROJECT
a361d6e2-509e-4e25-a8ad-950060064ef4,SHAREPOINT_S_DEVELOPER,SHAREPOINT_S_DEVELOPER
,SHAREPOINTDESKLESS,SharePoint Online Kiosk
,SHAREPOINTDESKLESS_GOV,SharePoint Online Kiosk
a9732ec9-17d9-494c-a51c-d6b45b384dcb,SHAREPOINTENTERPRISE,SHAREPOINT ONLINE (PLAN 2)
,SHAREPOINTENTERPRISE_GOV,SharePoint Plan 2G
,SHAREPOINTENTERPRISE_MIDMARKET,SharePoint Online (Plan 1)
,SHAREPOINTLITE,SharePoint Online (Plan 1)
1fc08a02-8b3d-43b9-831e-f76859e04e1a,SHAREPOINTSTANDARD,SHAREPOINT ONLINE (PLAN 1)
,SHAREPOINTSTORAGE,SharePoint storage
,SHAREPOINTWAC,Office Online
527f7cdd-0e86-4c47-b879-f5fd357a3ac6,SHAREPOINTWAC_DEVELOPER,OFFICE ONLINE FOR DEVELOPER
,SHAREPOINTWAC_GOV,Office Online for Government
3a256e9a-15b6-4092-b0dc-82993f4debc6,SKU_Dynamics_365_for_HCM_Trial,Dynamics 365 for Talent
b214fe43-f5a3-4703-beeb-fa97188220fc,SMB_BUSINESS,OFFICE 365 BUSINESS
dab7782a-93b1-4074-8bb1-0e61318bea0b,SMB_BUSINESS_ESSENTIALS,OFFICE 365 BUSINESS ESSENTIALS
ac5cef5d-921b-4f97-9ef3-c99076e5470f,SMB_BUSINESS_PREMIUM,OFFICE 365 BUSINESS PREMIUM
c6df1e30-1c9f-427f-907c-3d913474a1c7,SOCIAL_ENGAGEMENT_APP_USER,Dynamics 365 AI for Market Insights (Preview)
cbdc14ab-d96c-4c30-b9f4-6ada7cdc1d46,SPB,MICROSOFT 365 BUSINESS
05e9a617-0261-4cee-bb44-138d3ef5d965,SPE_E3,MICROSOFT 365 E3
d61d61cc-f992-433f-a577-5bd016037eeb,SPE_E3_USGOV_DOD,Microsoft 365 E3_USGOV_DOD
ca9d1dd9-dfe9-4fef-b97c-9bc1ea3c3658,SPE_E3_USGOV_GCCHIGH,Microsoft 365 E3_USGOV_GCCHIGH
06ebc4ee-1bb5-47dd-8120-11324bc54e06,SPE_E5,Microsoft 365 E5
66b55226-6b4f-492c-910c-a3b7a3c9d993,SPE_F1,Microsoft 365 F1
8f0c5670-4e56-4892-b06d-91c085d7004f,SPZA_IW,App Connect
fc0a60aa-feee-4746-a0e3-aecfe81a38dd,SQL_IS_SSIM,MICROSOFT POWER BI INFORMATION SERVICES PLAN
,STANDARD_B_PILOT,Office 365 (Small Business Preview)
18181a46-0d4e-45cd-891e-60aabd171b4e,STANDARDPACK,OFFICE 365 ENTERPRISE E1
,STANDARDPACK_FACULTY,Office 365 (Plan A1) for Faculty
,STANDARDPACK_GOV,Microsoft Office 365 (Plan G1) for Government
,STANDARDPACK_STUDENT,Office 365 (Plan A1) for Students
6634e0ce-1a9f-428c-a498-f84ec7b8aa2e,STANDARDWOFFPACK,OFFICE 365 ENTERPRISE E2
,STANDARDWOFFPACK_FACULTY,Office 365 Education E1 for Faculty
,STANDARDWOFFPACK_GOV,Microsoft Office 365 (Plan G2) for Government
,STANDARDWOFFPACK_IW_FACULTY,Office 365 Education for Faculty
,STANDARDWOFFPACK_IW_STUDENT,Office 365 Education for Students
,STANDARDWOFFPACK_STUDENT,Microsoft Office 365 (Plan A2) for Students
,STANDARDWOFFPACKPACK_FACULTY,Office 365 (Plan A2) for Faculty
,STANDARDWOFFPACKPACK_STUDENT,Office 365 (Plan A2) for Students
1f2f344a-700d-42c9-9427-5cea1d5d7ba6,STREAM,Microsoft Stream Trial
743dd19e-1ce3-4c62-a3ad-49ba8f63a2f6,STREAM_O365_E1,MICROSOFT STREAM FOR O365 E1 SKU
9e700747-8b1d-45e5-ab8d-ef187ceec156,STREAM_O365_E3,MICROSOFT STREAM FOR O365 E3 SKU
6c6042f5-6f01-4d67-b8c1-eb99d36eed3e,STREAM_O365_E5,MICROSOFT STREAM FOR O365 E5 SKU
3ffba0d2-38e5-4d5e-8ec0-98f2b05c09d9,STREAM_O365_K,MICROSOFT STREAM FOR O365 K SKU
a23b959c-7ce8-4e57-9140-b90eb88a9e97,SWAY,SWAY
fd500458-c24c-478e-856c-a6067a8376cd,TEAMS_AR_DOD,Microsoft Teams for DOD (AR)
9953b155-8aef-4c56-92f3-72b0487fce41,TEAMS_AR_GCCHIGH,Microsoft Teams for GCCHigh (AR)
29a2f828-8f39-4837-b8ff-c957e86abe3c,TEAMS_COMMERCIAL_TRIAL,Microsoft Teams Commercial Cloud (User Initiated)
,TEAMS1,Microsoft Teams
8e0c0a52-6a6c-4d40-8370-dd62790dcd70,THREAT_INTELLIGENCE,OFFICE 365 ADVANCED THREAT PROTECTION (PLAN 2)
e7c91390-7625-45be-94e0-e16907e03118,Virtualization Rights for Windows 10 (E3/E5+VDA),Windows 10 Enterprise (New)
663a804f-1c30-4ff0-9915-9db84f0d1cea,VISIO_CLIENT_SUBSCRIPTION,VISIO_CLIENT_SUBSCRIPTION
c5928f49-12ba-48f7-ada3-0d743a3601d5,VISIOCLIENT,VISIO Online Plan 2
2bdbaf8f-738f-4ac7-9234-3c3ee2ce7d0f,VISIOONLINE,VISIOONLINE
4b244418-9658-4451-a2b8-b5e2b364e9bd,VISIOONLINE_PLAN1,VISIO ONLINE PLAN 1
ed01faf2-1d88-4947-ae91-45ca18703a96,WACONEDRIVEENTERPRISE,ONEDRIVE FOR BUSINESS (PLAN 2)
e6778190-713e-4e4f-9119-8b8238de25df,WACONEDRIVESTANDARD,ONEDRIVE FOR BUSINESS (PLAN 1)
36b29273-c6d0-477a-aca6-6fbe24f538e3,WHITEBOARD_FIRSTLINE1,Whiteboard (Firstline)
4a51bca5-1eff-43f5-878c-177680f191af,WHITEBOARD_PLAN3,Whiteboard (Plan 3)
1e7e1070-8ccb-4aca-b470-d7cb538cb07e,WIN_ENT_E5,Windows 10 Enterprise E5
e041597c-9c7f-4ed9-99b0-2663301576f7,WIN10_ENT_LOC_F1,Windows 10 Enterprise E3 (local only)
cb10e6cd-9da4-4992-867b-67546b1db821,WIN10_PRO_ENT_SUB,WINDOWS 10 ENTERPRISE E3
488ba24a-39a9-4473-8ee5-19291e71b002,WIN10_VDA_E5,Windows 10 Enterprise E5
,WINBIZ,Windows 10 Business
871d91ec-ec1a-452b-a83f-bd76c7d770ef,WINDEFATP,Microsoft Defender Advanced Threat Protection
3d957427-ecdc-4df2-aacd-01cc9d519da8,WORKPLACE_ANALYTICS,Microsoft Workplace Analytics
,YAMMER_ENTERPRISE,Yammer for the Starship Enterprise
,YAMMER_MIDSIZE,Yammer
